{"_runtime":9,"_step":609,"L_con":5.336825847625732,"L_reg":-2.079312562942505,"L_total":5.316032886505127,"_timestamp":1.7718245925255997e+09,"_wandb":{"runtime":9}}