{"L_reg":-2.0793349742889404,"_wandb":{"runtime":10},"_runtime":10,"L_total":4.61766242980957,"_timestamp":1.7718249173308308e+09,"_step":619,"L_con":4.638455867767334}