{"_step":609,"_wandb":{"runtime":10},"_runtime":10,"L_con":4.6210761070251465,"L_reg":-2.0792717933654785,"L_total":4.600283622741699,"_timestamp":1.7718244522396636e+09}